TITLE,VIEWS,DATE_TIME,DESCRIPTION
N-Queens Problem | using Backtracking | Leetcode Hard,3K views,2 hours ago,"Lecture 45 of DSA Series : Recursion (Part 5)
We will learn about more about recursion : N-Queens Problem using backtracking
"
N-Queens Problem | using Backtracking | Leetcode Hard,3K views,2 hours ago,"Lecture 44 : Recursion (Part 4)
We will learn about more about recursion : Permutations of an Array
"
N-Queens Problem | using Backtracking | Leetcode Hard,3K views,2 hours ago,Official GSoC page : 
N-Queens Problem | using Backtracking | Leetcode Hard,3K views,2 hours ago,"Lecture 43 : Recursion (Part 3)
We will learn about more about recursion : 
-Backtracking"
N-Queens Problem | using Backtracking | Leetcode Hard,3K views,2 hours ago,"Lecture 42 : Recursion (Part 2)
We will learn about more about recursion : 
-Fibonacci numbers"
N-Queens Problem | using Backtracking | Leetcode Hard,3K views,2 hours ago,"Lecture 41 : Recursion (Part 1)

Company wise DSA Sheet Link : "
N-Queens Problem | using Backtracking | Leetcode Hard,3K views,2 hours ago,"Lecture 40  : DSA Placement Series
Topic : Prefix Sum & Hashing
Problem : Leetcode 560  "
N-Queens Problem | using Backtracking | Leetcode Hard,3K views,2 hours ago,"To start your journey you can study from the following resources❤️

1. HTML One Shot : "
N-Queens Problem | using Backtracking | Leetcode Hard,3K views,2 hours ago,"4 Sum Problem (Leet code 18) : This is Lecture 39 of DSA Placement Series. Hashing Problems - Part 3.

Want to study for Tech Placements/Internships from us :"
N-Queens Problem | using Backtracking | Leetcode Hard,3K views,2 hours ago,"This is Lecture 38 of DSA Placement Series. Hashing Problems - Part 2.

Want to study for Tech Placements/Internships from us :"
N-Queens Problem | using Backtracking | Leetcode Hard,3K views,2 hours ago,"This is Lecture 37 of DSA Placement Series. Hashing Problems - Part 1.

Want to study for Tech Placements/Internships from us :"
N-Queens Problem | using Backtracking | Leetcode Hard,3K views,2 hours ago,"This is Lecture 36 of DSA Placement Series.

Want to study for Tech Placements/Internships from us :"
N-Queens Problem | using Backtracking | Leetcode Hard,3K views,2 hours ago,"This is Lecture 35 of DSA Placement Series.

Want to study for Tech Placements/Internships from us :"
N-Queens Problem | using Backtracking | Leetcode Hard,3K views,2 hours ago,"This is Lecture 34 of DSA Placement Series.

Want to study for Tech Placements/Internships from us :"
N-Queens Problem | using Backtracking | Leetcode Hard,3K views,2 hours ago,"This is Lecture 33 of DSA Placement Series, in this we will learn about important mathematical concepts for DSA.

Want to study for Tech Placements/Internships from us :"
N-Queens Problem | using Backtracking | Leetcode Hard,3K views,2 hours ago,"This is Lecture 32 of DSA Placement Series, in this we will solve the problem of String Compression - Leetcode 443

Want to study for Tech Placements/Internships from us :"
N-Queens Problem | using Backtracking | Leetcode Hard,3K views,2 hours ago,"Want to study for Tech Placements/Internships from us :
Our Latest Placement Batches : "
N-Queens Problem | using Backtracking | Leetcode Hard,3K views,2 hours ago,"Lecture 31 of DSA Placement Series
Want to study for Tech Placements/Internships from us :
Our Latest Placement Batches : "
N-Queens Problem | using Backtracking | Leetcode Hard,3K views,2 hours ago,"Lecture 30 of DSA Placement Series
Want to study for Tech Placements/Internships from us :
Our Latest Placement Batches : "
N-Queens Problem | using Backtracking | Leetcode Hard,3K views,2 hours ago,"Lecture 29 of DSA Placement Series
Want to study for Tech Placements/Internships from us :
Our Latest Placement Batches : "
N-Queens Problem | using Backtracking | Leetcode Hard,3K views,2 hours ago,"You can start your Placement journey with us here : 
New Alpha Plus 4.0 :  "
N-Queens Problem | using Backtracking | Leetcode Hard,3K views,2 hours ago,"You can start your journey with us here : 
New Sigma 5.0 Placement Batch: "
N-Queens Problem | using Backtracking | Leetcode Hard,3K views,2 hours ago,"Lecture 28 of DSA Placement Series
Want to study for Tech Placements/Internships from us :
Our Latest Placement Batches : "
N-Queens Problem | using Backtracking | Leetcode Hard,3K views,2 hours ago,"You can start your journey with us here : 
New Sigma 5.0 Link : "
N-Queens Problem | using Backtracking | Leetcode Hard,3K views,2 hours ago,"Lecture 27 of DSA Series 
Want to study for Tech Placements/Internships from us :
Our Latest Placement Batches : "
N-Queens Problem | using Backtracking | Leetcode Hard,3K views,2 hours ago,"Lecture 26 (Arrays Part 8) of DSA Placement Series 
Company wise DSA Sheet Link : "
N-Queens Problem | using Backtracking | Leetcode Hard,3K views,2 hours ago,"You can start your journey with us here : 
New Sigma 5.0 Link : "
N-Queens Problem | using Backtracking | Leetcode Hard,3K views,2 hours ago,Company wise DSA Sheet Link (More topics will be updated soon): 
N-Queens Problem | using Backtracking | Leetcode Hard,3K views,2 hours ago,"Lecture 25 of DSA Placement Series 
Company wise DSA Sheet Link : "
N-Queens Problem | using Backtracking | Leetcode Hard,3K views,2 hours ago,"Lecture 24 of DSA Placement Series 
Company wise DSA Sheet Link : "
